{
    "timestamp": 1777244881.284154,
    "total_events": 40,
    "subsystems": {
        "EXECUTOR": 1777244879.7101355,
        "TRUTH": 1777244880.8616693,
        "ALPHA": 1777244881.1439147
    },
    "status": "HEALTHY"
}