{
    "timestamp": 1777244632.4742324,
    "total_events": 0,
    "subsystems": {
        "TRUTH": 1777244629.691957
    },
    "status": "HEALTHY"
}