{
    "timestamp": 1777244999.5473068,
    "total_events": 55,
    "subsystems": {
        "ALPHA": 1777244994.8626797,
        "EXECUTOR": 1777244997.596566,
        "TRUTH": 1777244998.3682613
    },
    "status": "HEALTHY"
}