{
    "timestamp": 1777244974.8533945,
    "total_events": 50,
    "subsystems": {
        "EXECUTOR": 1777244973.2321374,
        "TRUTH": 1777244973.965035,
        "ALPHA": 1777244974.597729
    },
    "status": "HEALTHY"
}