{
    "timestamp": 1777244693.312209,
    "total_events": 0,
    "subsystems": {
        "TRUTH": 1777244693.2601533
    },
    "status": "HEALTHY"
}