{
    "timestamp": 1777245005.1422439,
    "total_events": 56,
    "subsystems": {
        "EXECUTOR": 1777245003.664982,
        "TRUTH": 1777245004.4114244,
        "ALPHA": 1777245004.8915606
    },
    "status": "HEALTHY"
}