{
    "timestamp": 1777245091.1901686,
    "total_events": 75,
    "subsystems": {
        "EXECUTOR": 1777245089.184767,
        "TRUTH": 1777245089.202329,
        "ALPHA": 1777245090.5215387
    },
    "status": "HEALTHY"
}