{
    "timestamp": 1777245065.9046779,
    "total_events": 70,
    "subsystems": {
        "EXECUTOR": 1777245064.8615634,
        "TRUTH": 1777245064.9851003,
        "ALPHA": 1777245065.398009
    },
    "status": "HEALTHY"
}