{
    "timestamp": 1777244662.8909829,
    "total_events": 0,
    "subsystems": {
        "TRUTH": 1777244659.9384882
    },
    "status": "HEALTHY"
}