{
    "timestamp": 1777244914.288773,
    "total_events": 40,
    "subsystems": {
        "EXECUTOR": 1777244912.351407,
        "TRUTH": 1777244913.359389,
        "ALPHA": 1777244914.2596369
    },
    "status": "HEALTHY"
}